<PAMDataset>
  <PAMRasterBand band="1">
    <Metadata>
      <MDI key="STATISTICS_APPROXIMATE">YES</MDI>
      <MDI key="STATISTICS_MINIMUM">12</MDI>
      <MDI key="STATISTICS_MAXIMUM">255</MDI>
      <MDI key="STATISTICS_MEAN">210.7762812963</MDI>
      <MDI key="STATISTICS_STDDEV">19.007699047816</MDI>
      <MDI key="STATISTICS_VALID_PERCENT">94.03</MDI>
    </Metadata>
  </PAMRasterBand>
  <PAMRasterBand band="2">
    <Metadata>
      <MDI key="STATISTICS_APPROXIMATE">YES</MDI>
      <MDI key="STATISTICS_MINIMUM">12</MDI>
      <MDI key="STATISTICS_MAXIMUM">255</MDI>
      <MDI key="STATISTICS_MEAN">210.75684814407</MDI>
      <MDI key="STATISTICS_STDDEV">19.227387871592</MDI>
      <MDI key="STATISTICS_VALID_PERCENT">94.03</MDI>
    </Metadata>
  </PAMRasterBand>
  <PAMRasterBand band="3">
    <Metadata>
      <MDI key="STATISTICS_APPROXIMATE">YES</MDI>
      <MDI key="STATISTICS_MINIMUM">7</MDI>
      <MDI key="STATISTICS_MAXIMUM">255</MDI>
      <MDI key="STATISTICS_MEAN">182.35127844687</MDI>
      <MDI key="STATISTICS_STDDEV">25.79387971637</MDI>
      <MDI key="STATISTICS_VALID_PERCENT">94.03</MDI>
    </Metadata>
  </PAMRasterBand>
</PAMDataset>
